﻿designator,quantity,value,pack,mpn,mount_type
C1,1,1u,C_Rect_L26.5mm_W10.5mm_P22.50mm_MKS4,,tht
C4,1,4.7u,CP_Radial_Tantal_D5.5mm_P5.00mm,,tht
"C5, C6",2,0.47u,CP_Radial_Tantal_D5.5mm_P5.00mm,,tht
"D1, D2, D3, D4, D5",5,1N4007,D_DO-41_SOD81_P7.62mm_Horizontal,,tht
J1,1,COIL,SolderWire-2.5sqmm_1x02_P7.2mm_D2.4mm_OD3.6mm,,tht
J2,1,MAG,SolderWire-2.5sqmm_1x02_P7.2mm_D2.4mm_OD3.6mm,,tht
"JP1, JP2",2,Jumper_2_Open,PinHeader_1x02_P2.54mm_Vertical,,tht
Q1,1,TIC106,TO-220-3_Vertical,,tht
R1,1,33,R_Axial_DIN0207_L6.3mm_D2.5mm_P7.62mm_Horizontal,,tht
R2,1,22k,R_Axial_DIN0207_L6.3mm_D2.5mm_P7.62mm_Horizontal,,tht
R3,1,1k,R_Axial_DIN0207_L6.3mm_D2.5mm_P7.62mm_Horizontal,,tht
R4,1,470,R_Axial_DIN0207_L6.3mm_D2.5mm_P7.62mm_Horizontal,,tht
R5,1,16,R_Axial_DIN0207_L6.3mm_D2.5mm_P7.62mm_Horizontal,,tht
R6,1,120,R_Axial_DIN0207_L6.3mm_D2.5mm_P7.62mm_Horizontal,,tht
R7,1,7.5k,R_Axial_DIN0207_L6.3mm_D2.5mm_P7.62mm_Horizontal,,tht
R8,1,680,R_Axial_DIN0207_L6.3mm_D2.5mm_P7.62mm_Horizontal,,tht
