﻿pos_x,pos_y,rotation,side,designator,mpn,pack,value,mount_type,place
128.378,-68.72,0.0,top,C1,,C_Rect_L26.5mm_W10.5mm_P22.50mm_MKS4,1u,tht,True
146.05,-93.432,90.0,top,C4,,CP_Radial_Tantal_D5.5mm_P5.00mm,4.7u,tht,True
153.67,-93.432,90.0,top,C5,,CP_Radial_Tantal_D5.5mm_P5.00mm,0.47u,tht,True
138.43,-93.432,90.0,top,C6,,CP_Radial_Tantal_D5.5mm_P5.00mm,0.47u,tht,True
124.206,-64.516,-90.0,top,D1,,D_DO-41_SOD81_P7.62mm_Horizontal,1N4007,tht,True
123.952,-75.946,0.0,top,D2,,D_DO-41_SOD81_P7.62mm_Horizontal,1N4007,tht,True
154.94,-76.2,90.0,top,D3,,D_DO-41_SOD81_P7.62mm_Horizontal,1N4007,tht,True
123.952,-79.248,0.0,top,D4,,D_DO-41_SOD81_P7.62mm_Horizontal,1N4007,tht,True
144.78,-79.248,0.0,top,D5,,D_DO-41_SOD81_P7.62mm_Horizontal,1N4007,tht,True
159.258,-70.104,-90.0,top,J1,,SolderWire-2.5sqmm_1x02_P7.2mm_D2.4mm_OD3.6mm,COIL,tht,True
119.888,-70.104,-90.0,top,J2,,SolderWire-2.5sqmm_1x02_P7.2mm_D2.4mm_OD3.6mm,MAG,tht,True
119.126,-85.344,180.0,top,JP1,,PinHeader_1x02_P2.54mm_Vertical,Jumper_2_Open,tht,True
159.258,-89.403,0.0,top,JP2,,PinHeader_1x02_P2.54mm_Vertical,Jumper_2_Open,tht,True
135.636,-77.724,0.0,top,Q1,,TO-220-3_Vertical,TIC106,tht,True
141.986,-82.55,0.0,top,R1,,R_Axial_DIN0207_L6.3mm_D2.5mm_P7.62mm_Horizontal,33,tht,True
132.08,-82.55,0.0,top,R2,,R_Axial_DIN0207_L6.3mm_D2.5mm_P7.62mm_Horizontal,22k,tht,True
141.986,-85.598,0.0,top,R3,,R_Axial_DIN0207_L6.3mm_D2.5mm_P7.62mm_Horizontal,1k,tht,True
132.08,-85.598,0.0,top,R4,,R_Axial_DIN0207_L6.3mm_D2.5mm_P7.62mm_Horizontal,470,tht,True
122.174,-82.55,0.0,top,R5,,R_Axial_DIN0207_L6.3mm_D2.5mm_P7.62mm_Horizontal,16,tht,True
122.174,-85.598,0.0,top,R6,,R_Axial_DIN0207_L6.3mm_D2.5mm_P7.62mm_Horizontal,120,tht,True
160.02,-85.598,180.0,top,R7,,R_Axial_DIN0207_L6.3mm_D2.5mm_P7.62mm_Horizontal,7.5k,tht,True
160.02,-82.55,180.0,top,R8,,R_Axial_DIN0207_L6.3mm_D2.5mm_P7.62mm_Horizontal,680,tht,True
